{
  "n": 12,
  "ansatz": "free-cartesian + per-center free radius + dynamic 4-subset selection (softmin-annealed) + convexity barrier + asymmetric basin-hopping",
  "trust_label": "NUMERICAL_EVIDENCE",
  "seconds_budget": 65.0,
  "elapsed_sec": 67.87165785900015,
  "restarts": 4,
  "seed": 2026,
  "margin": 0.001,
  "best_strict_convex": null,
  "best_strict_convex_x": null,
  "best_any_residual": {
    "n": 12,
    "eq_rms": 0.00331789545401499,
    "max_spread": 0.0049564431536985865,
    "max_rel_spread": 0.000790513611426161,
    "convexity_margin": 0.001998609074249662,
    "strict_convex": false,
    "min_edge_length": 0.04756229222705261,
    "min_pair_distance": 4.8758403131343276e-06,
    "selected_sets": [
      [
        4,
        6,
        8,
        9
      ],
      [
        5,
        6,
        8,
        9
      ],
      [
        5,
        6,
        8,
        9
      ],
      [
        2,
        7,
        8,
        11
      ],
      [
        2,
        6,
        9,
        11
      ],
      [
        0,
        1,
        6,
        9
      ],
      [
        0,
        2,
        3,
        11
      ],
      [
        0,
        2,
        3,
        11
      ],
      [
        0,
        2,
        4,
        11
      ],
      [
        0,
        2,
        3,
        11
      ],
      [
        2,
        6,
        9,
        11
      ],
      [
        5,
        6,
        8,
        9
      ]
    ]
  },
  "best_any_residual_x": [
    1.2642741475217887,
    0.5448535911612243,
    1.251356046278599,
    0.4983637491078521,
    1.29792379195637,
    0.5112313246781304,
    -1.1070399279411014,
    1.207397461410831,
    -1.1870088893661757,
    1.2297145345639562,
    -1.166381443262709,
    1.1492935708217025,
    -0.5210304587925677,
    -1.2698045371593811,
    -0.5071820066410013,
    -1.2235169245997861,
    -0.5539320147695801,
    -1.2354530326726418,
    -0.5210353203083341,
    -1.2698049106338947,
    0.6164111565362883,
    -0.6121035877603216,
    1.2979251856372873,
    0.5112414017704571
  ]
}