{
  "n": 16,
  "ansatz": "free-cartesian + per-center free radius + dynamic 4-subset selection (softmin-annealed) + convexity barrier + asymmetric basin-hopping",
  "trust_label": "NUMERICAL_EVIDENCE",
  "seconds_budget": 65.0,
  "elapsed_sec": 68.28823187900002,
  "restarts": 6,
  "seed": 2026,
  "margin": 0.001,
  "best_strict_convex": null,
  "best_strict_convex_x": null,
  "best_any_residual": {
    "n": 16,
    "eq_rms": 0.008868224914166719,
    "max_spread": 0.01927422917765631,
    "max_rel_spread": 0.03411957678548684,
    "convexity_margin": 0.0010013989270543089,
    "strict_convex": false,
    "min_edge_length": 0.0013258986774774572,
    "min_pair_distance": 6.826619923666464e-05,
    "selected_sets": [
      [
        3,
        5,
        6,
        12
      ],
      [
        2,
        7,
        12,
        13
      ],
      [
        8,
        10,
        11,
        12
      ],
      [
        0,
        8,
        10,
        11
      ],
      [
        8,
        10,
        11,
        13
      ],
      [
        8,
        10,
        11,
        12
      ],
      [
        7,
        8,
        10,
        11
      ],
      [
        6,
        8,
        10,
        11
      ],
      [
        6,
        7,
        9,
        14
      ],
      [
        6,
        8,
        10,
        11
      ],
      [
        6,
        7,
        9,
        14
      ],
      [
        6,
        7,
        9,
        14
      ],
      [
        8,
        11,
        14,
        15
      ],
      [
        6,
        8,
        10,
        11
      ],
      [
        8,
        10,
        11,
        13
      ],
      [
        5,
        8,
        10,
        11
      ]
    ]
  },
  "best_any_residual_x": [
    1.533832070998342,
    0.35508757767584603,
    -1.259212162488055,
    1.2245459836093464,
    0.004899925857118614,
    0.4476006748611574,
    -0.013066058991047682,
    1.1542005198762297,
    -1.226582031778097,
    -1.641111884320207,
    3.197569048059775,
    -0.1587220321629985,
    -0.19889353151044248,
    0.18480991543998584,
    -0.8541616757683065,
    -0.2024092389942105,
    -0.18940744462887327,
    -0.578352447349603,
    0.462162226101912,
    -0.18040026957974206,
    -0.19002180335870697,
    -0.5771907703001846,
    -0.18946243476754496,
    -0.5783928992791872,
    0.20190431685934335,
    1.4764043609764632,
    -1.6295646402490584,
    -0.2123434498093823,
    -0.8931612296695756,
    -0.30478347779165293,
    1.4804035263655382,
    -0.17798924071725813
  ]
}