{
  "n": 10,
  "ansatz": "free-cartesian + per-center free radius + dynamic 4-subset selection (softmin-annealed) + convexity barrier + asymmetric basin-hopping",
  "trust_label": "NUMERICAL_EVIDENCE",
  "seconds_budget": 65.0,
  "elapsed_sec": 69.9860557410002,
  "restarts": 5,
  "seed": 2026,
  "margin": 0.001,
  "best_strict_convex": null,
  "best_strict_convex_x": null,
  "best_any_residual": {
    "n": 10,
    "eq_rms": 0.05097225909132175,
    "max_spread": 0.0903561811539566,
    "max_rel_spread": 0.017721257122169348,
    "convexity_margin": 0.0019561444054266024,
    "strict_convex": false,
    "min_edge_length": 0.02211945708377455,
    "min_pair_distance": 0.02211945708377455,
    "selected_sets": [
      [
        4,
        5,
        8,
        9
      ],
      [
        3,
        5,
        6,
        9
      ],
      [
        3,
        5,
        6,
        8
      ],
      [
        0,
        1,
        7,
        8
      ],
      [
        0,
        1,
        7,
        8
      ],
      [
        3,
        4,
        7,
        8
      ],
      [
        0,
        2,
        3,
        4
      ],
      [
        0,
        2,
        3,
        9
      ],
      [
        0,
        2,
        4,
        9
      ],
      [
        1,
        2,
        6,
        7
      ]
    ]
  },
  "best_any_residual_x": [
    0.5552083992291638,
    1.1202015948835398,
    0.5639114731971715,
    1.0734422444157472,
    0.5992003593974498,
    1.1120612674538095,
    -1.5761533228429347,
    0.46379188946887323,
    -1.5970831413217481,
    0.4566355579977306,
    -0.9782032530360492,
    -0.5283299064074785,
    0.07754614567898682,
    -1.0983898867329214,
    0.06423100665650447,
    -1.0441077613197898,
    0.037655105072897814,
    -1.0826764898798977,
    2.199874639230176,
    -0.4306043577414925
  ]
}